{"0": {"35": 0.04459208995103836, "40": 0.07705946266651154, "76": 0.08431072533130646}, "1": {"11": 0.06353093683719635, "16": 0.07931693643331528, "54": 0.09372163563966751}, "2": {"9": 0.07000140100717545, "46": 0.09651954472064972, "67": 0.09560233354568481}, "3": {"69": 0.0855698511004448, "35": 0.045945603400468826, "60": 0.07709046453237534}, "4": {"8": 0.1860315054655075, "12": 0.15400470793247223, "21": 0.17967917025089264, "24": 0.15620869398117065, "31": 0.17339442670345306, "33": 0.15410533547401428, "39": 0.14838054776191711, "45": 0.16187138855457306, "48": 0.1445310264825821, "61": 0.14554092288017273, "64": 0.15100696682929993, "66": 0.18603649735450745, "68": 0.17967650294303894}, "5": {"11": 0.062370043247938156, "24": 0.07795757800340652, "45": 0.07753515243530273}, "6": {"22": 0.03697461634874344, "37": 0.06970378756523132, "53": 0.07232819497585297}, "7": {"65": 0.09907616674900055, "32": 0.1484857201576233, "47": 0.18057651817798615}, "8": {"66": 0.08723530918359756, "4": 0.047173719853162766, "68": 0.08770643174648285}, "9": {"2": 0.14633435010910034, "17": 0.09393961727619171, "23": 0.09291840344667435, "46": 0.12776421010494232, "57": 0.09322261810302734, "67": 0.1253383755683899, "75": 0.09233971685171127}, "10": {"22": 0.036438748240470886, "25": 0.0699329748749733, "64": 0.06805764883756638}, "11": {"1": 0.08426418155431747, "5": 0.08415042608976364, "14": 0.08422955870628357, "34": 0.08428821712732315}, "12": {"4": 0.03610609844326973, "20": 0.07083775103092194, "68": 0.0790664404630661}, "13": {"14": 0.07601296901702881, "19": 0.0379682332277298, "72": 0.07292833924293518}, "14": {"11": 0.0628347098827362, "13": 0.07782682776451111, "36": 0.0777544304728508}, "15": {"54": 0.08303060382604599}, "16": {"1": 0.0764182060956955, "19": 0.04638253524899483, "40": 0.0837005153298378}, "17": {"9": 0.039967235177755356, "18": 0.07139338552951813, "42": 0.07318444550037384}, "18": {"17": 0.06946947425603867, "33": 0.06750532239675522, "41": 0.03662428632378578}, "19": {"13": 0.09495645016431808, "16": 0.11296026408672333, "25": 0.08801648765802383, "36": 0.09431325644254684, "38": 0.08744914084672928, "40": 0.11296918243169785, "44": 0.08898597955703735, "56": 0.08786141127347946}, "20": {"12": 0.06734076142311096, "22": 0.034570496529340744, "49": 0.06864112615585327}, "21": {"4": 0.04458344355225563, "33": 0.0835849866271019, "66": 0.08504585921764374}, "22": {"6": 0.09570018947124481, "10": 0.09546874463558197, "20": 0.09252368658781052, "26": 0.11823683977127075, "27": 0.1175178661942482, "30": 0.09420120716094971, "42": 0.11827272176742554, "59": 0.11778191477060318}, "23": {"9": 0.040718454867601395, "34": 0.07331028580665588, "44": 0.07067450135946274}, "24": {"4": 0.03722108155488968, "5": 0.07716502994298935, "39": 0.07945209741592407}, "25": {"10": 0.07075557857751846, "19": 0.033253464847803116, "37": 0.06890812516212463}, "26": {"22": 0.04786451905965805, "42": 0.08386394381523132, "62": 0.07631787657737732}, "27": {"22": 0.047215428203344345, "59": 0.08359947800636292, "74": 0.07337202876806259}, "28": {"69": 0.0930083617568016, "35": 0.05622292309999466, "43": 0.08997564017772675}, "29": {"35": 0.04107530787587166, "70": 0.07459631562232971, "74": 0.07947127521038055}, "30": {"22": 0.034710537642240524, "44": 0.06900826096534729, "71": 0.06920536607503891}, "31": {"4": 0.04223505035042763, "45": 0.0809423178434372, "64": 0.08080758154392242}, "32": {"7": 0.1482367366552353, "47": 0.17950083315372467, "52": 0.10094862431287766}, "33": {"4": 0.03590836003422737, "18": 0.07129164040088654, "21": 0.07902482897043228}, "34": {"11": 0.06008617579936981, "23": 0.07323189824819565, "61": 0.07062020897865295}, "35": {"0": 0.14044466614723206, "3": 0.14609882235527039, "28": 0.16810183227062225, "29": 0.13249452412128448, "37": 0.10691133141517639, "43": 0.14609882235527039, "69": 0.16810183227062225, "71": 0.14048124849796295, "74": 0.13287532329559326, "76": 0.15868519246578217}, "36": {"14": 0.07552816718816757, "19": 0.0381641611456871, "62": 0.07305166125297546}, "37": {"6": 0.07132688909769058, "25": 0.07020676136016846, "35": 0.031443264335393906}, "38": {"19": 0.033542223274707794, "48": 0.06720001250505447, "57": 0.0692090317606926}, "39": {"4": 0.03432120010256767, "24": 0.07659687101840973, "51": 0.07477851957082748}, "40": {"0": 0.07256398350000381, "16": 0.083732470870018, "19": 0.0463310107588768}, "41": {"18": 0.09587543457746506, "49": 0.09637264907360077, "53": 0.12094325572252274, "55": 0.12512294948101044, "65": 0.12165716290473938, "70": 0.12227414548397064, "72": 0.12513364851474762, "73": 0.12216699123382568}, "42": {"17": 0.07299446314573288, "22": 0.04743436351418495, "26": 0.08416100591421127}, "43": {"28": 0.08774637430906296, "35": 0.04701673239469528, "63": 0.09505831450223923}, "44": {"19": 0.033752571791410446, "23": 0.06873001903295517, "30": 0.06803110986948013}, "45": {"4": 0.039691925048828125, "5": 0.0782322958111763, "31": 0.0824020504951477}, "46": {"2": 0.09789776057004929, "9": 0.060592468827962875, "63": 0.09807237237691879}, "47": {"32": 0.12863531708717346, "7": 0.12869426608085632}, "48": {"4": 0.032662492245435715, "38": 0.07055593281984329, "61": 0.07542736828327179}, "49": {"20": 0.07043787091970444, "41": 0.03723737224936485, "67": 0.07409785687923431}, "50": {"63": 0.08427050709724426}, "51": {"39": 0.07084039598703384, "58": 0.06761202961206436, "75": 0.07869689166545868}, "52": {"32": 0.09541989862918854, "56": 0.07603196054697037, "58": 0.06308766454458237}, "53": {"6": 0.07280115783214569, "41": 0.04840094968676567, "65": 0.08459000289440155}, "54": {"1": 0.09636253118515015, "15": 0.22328682243824005, "55": 0.09469127655029297}, "55": {"72": 0.08746328204870224, "41": 0.05011141672730446, "54": 0.09409235417842865}, "56": {"19": 0.03390472009778023, "52": 0.07297372817993164, "73": 0.07287586480379105}, "57": {"9": 0.04016302153468132, "38": 0.07046331465244293, "59": 0.07323219627141953}, "58": {"51": 0.09215889126062393, "52": 0.08426734805107117, "60": 0.09215889126062393, "62": 0.08426734805107117}, "59": {"22": 0.0463070310652256, "27": 0.08194072544574738, "57": 0.07262127101421356}, "60": {"3": 0.07359528541564941, "58": 0.06783366948366165, "75": 0.07897088676691055}, "61": {"4": 0.03329611197113991, "34": 0.07521649450063705, "48": 0.07759402692317963}, "62": {"26": 0.07564260065555573, "36": 0.07264761626720428, "58": 0.061177123337984085}, "63": {"43": 0.09204480797052383, "46": 0.09832951426506042, "50": 0.22364448010921478}, "64": {"4": 0.03563275188207626, "10": 0.07047675549983978, "31": 0.07853587716817856}, "65": {"7": 0.09538435190916061, "41": 0.05110647901892662, "53": 0.08710052818059921}, "66": {"4": 0.047173723578453064, "8": 0.08723530918359756, "21": 0.08770643174648285}, "67": {"2": 0.09427367895841599, "9": 0.05855146422982216, "49": 0.07515029609203339}, "68": {"4": 0.04436074197292328, "8": 0.08485760539770126, "12": 0.08248039335012436}, "69": {"3": 0.08997564762830734, "28": 0.0930083692073822, "35": 0.05622292309999466}, "70": {"29": 0.07322942465543747, "41": 0.04878315329551697, "73": 0.08415112644433975}, "71": {"30": 0.07302658259868622, "35": 0.04401111975312233, "76": 0.0837368592619896}, "72": {"13": 0.07335905730724335, "41": 0.048720043152570724, "55": 0.08434811979532242}, "73": {"41": 0.04862605780363083, "56": 0.07314208894968033, "70": 0.08482135832309723}, "74": {"27": 0.07520775496959686, "29": 0.08140825480222702, "35": 0.041549310088157654}, "75": {"9": 0.04098328948020935, "51": 0.08309462666511536, "60": 0.08309462666511536}, "76": {"0": 0.08520881831645966, "71": 0.08468857407569885, "35": 0.05096844583749771}}