{"0": {"48": 0.06708471477031708, "58": 0.0715920478105545, "67": 0.02743166871368885}, "1": {"29": 0.09379881620407104, "35": 0.07392940670251846, "76": 0.05749790742993355}, "2": {"23": 0.06830312311649323, "31": 0.03530064970254898, "64": 0.07817723602056503}, "3": {"46": 0.07290250808000565, "62": 0.0729239359498024, "78": 0.06047360971570015}, "4": {"11": 0.06635159254074097, "53": 0.02652626298367977, "72": 0.06753317266702652}, "5": {"50": 0.06649370491504669, "57": 0.06682369858026505, "67": 0.02382088080048561}, "6": {"43": 0.03255936875939369, "66": 0.07613120228052139, "88": 0.07340756803750992}, "7": {"16": 0.06910451501607895, "58": 0.07129482179880142, "67": 0.02673448622226715}, "8": {"15": 0.07570543885231018, "47": 0.06553487479686737, "71": 0.07283754646778107}, "9": {"33": 0.07576774805784225, "53": 0.032363247126340866, "57": 0.07023520767688751}, "10": {"24": 0.0744362473487854, "43": 0.031242389231920242, "85": 0.06717050820589066}, "11": {"4": 0.06853976845741272, "31": 0.03586144000291824, "55": 0.07881147414445877}, "12": {"20": 0.07781524211168289, "31": 0.034647081047296524, "70": 0.07611411064863205}, "13": {"68": 0.0930083692073822, "18": 0.05622291937470436, "86": 0.08997564017772675}, "14": {"31": 0.03575512766838074, "50": 0.06907041370868683, "60": 0.07875287532806396}, "15": {"8": 0.07502734661102295, "53": 0.024748746305704117, "83": 0.07299944013357162}, "16": {"7": 0.06776175647974014, "43": 0.03212147578597069, "73": 0.07551663368940353}, "17": {"36": 0.08303060382604599}, "18": {"13": 0.1665157526731491, "22": 0.1580396294593811, "30": 0.10648234933614731, "37": 0.13994546234607697, "42": 0.13205960392951965, "54": 0.13990889489650726, "63": 0.13238221406936646, "68": 0.16650013625621796, "71": 0.14451450109481812, "86": 0.1443067044019699}, "19": {"31": 0.03948293998837471, "64": 0.08216571807861328, "77": 0.07780619710683823}, "20": {"12": 0.0792226493358612, "31": 0.03701376914978027, "77": 0.07674898952245712}, "21": {"40": 0.08303060382604599}, "22": {"18": 0.05096844956278801, "37": 0.08468858152627945, "54": 0.08520882576704025}, "23": {"2": 0.0662979856133461, "53": 0.024707937613129616, "56": 0.06597449630498886}, "24": {"10": 0.07484353333711624, "43": 0.031954552978277206, "45": 0.06780724227428436}, "25": {"32": 0.07459818571805954, "47": 0.06376364827156067, "69": 0.09533783048391342}, "26": {"31": 0.047173723578453064, "39": 0.08723530918359756, "55": 0.08770643919706345}, "27": {"30": 0.06650075316429138, "44": 0.06801740825176239, "53": 0.02496105618774891}, "28": {"31": 0.03271043300628662, "38": 0.07509502023458481, "62": 0.06783205270767212}, "29": {"1": 0.09438321739435196, "49": 0.09331291168928146, "76": 0.06748685985803604}, "30": {"18": 0.03030027449131012, "27": 0.06874711811542511, "56": 0.06737363338470459}, "31": {"2": 0.1509414166212082, "11": 0.15294001996517181, "12": 0.14727434515953064, "14": 0.15244045853614807, "19": 0.16066206991672516, "20": 0.15497078001499176, "26": 0.18542613089084625, "28": 0.14295035600662231, "38": 0.1416938155889511, "39": 0.1854558140039444, "55": 0.17916591465473175, "60": 0.1786912977695465, "64": 0.17220081388950348}, "32": {"25": 0.07151824235916138, "43": 0.02417994663119316, "61": 0.06858973950147629}, "33": {"9": 0.0753903016448021, "53": 0.03225702792406082, "82": 0.07242780178785324}, "34": {"69": 0.12863531708717346, "75": 0.12869426608085632}, "35": {"1": 0.07384049892425537, "40": 0.08708152174949646, "43": 0.024922799319028854}, "36": {"79": 0.09116528183221817, "17": 0.22206677496433258, "88": 0.09496740251779556}, "37": {"18": 0.0430666022002697, "22": 0.08287659287452698, "85": 0.07098115980625153}, "38": {"28": 0.07652377337217331, "31": 0.03284720703959465, "59": 0.06913504004478455}, "39": {"26": 0.08723531663417816, "31": 0.04717371612787247, "60": 0.08770643174648285}, "40": {"21": 0.22077226638793945, "35": 0.08959604799747467, "86": 0.09050831198692322}, "41": {"52": 0.07489971071481705, "53": 0.03185809776186943, "65": 0.06997781991958618}, "42": {"18": 0.04088640958070755, "63": 0.07909344136714935, "81": 0.07168477028608322}, "43": {"6": 0.11572917550802231, "10": 0.11569399386644363, "16": 0.11658724397420883, "24": 0.11554384976625443, "32": 0.09286946803331375, "35": 0.091203473508358, "50": 0.09145249426364899, "56": 0.09200487285852432, "59": 0.09143111109733582, "66": 0.11553943157196045, "73": 0.11631298810243607, "74": 0.092627614736557}, "44": {"27": 0.06797666847705841, "67": 0.03140447288751602, "84": 0.07634565979242325}, "45": {"24": 0.06835813075304031, "46": 0.06839282810688019, "67": 0.025542370975017548}, "46": {"3": 0.07319944351911545, "45": 0.07033081352710724, "76": 0.04006680101156235}, "47": {"70": 0.08926602452993393, "8": 0.08902311325073242, "82": 0.08674304187297821, "25": 0.08505679666996002}, "48": {"0": 0.06721876561641693, "53": 0.02338212914764881, "74": 0.06605633348226547}, "49": {"29": 0.09404131025075912, "76": 0.05777882784605026, "80": 0.07508976757526398}, "50": {"5": 0.06590244174003601, "14": 0.06580955535173416, "43": 0.02381199225783348}, "51": {"67": 0.03264220058917999, "74": 0.0686618834733963, "79": 0.07546322792768478}, "52": {"41": 0.07516007125377655, "53": 0.03185860440135002, "63": 0.07039877772331238}, "53": {"4": 0.1028968021273613, "9": 0.11940469592809677, "15": 0.09544215351343155, "23": 0.09601668268442154, "27": 0.09732469171285629, "33": 0.11869727075099945, "41": 0.11878064274787903, "48": 0.09480753540992737, "52": 0.11861097067594528, "80": 0.12234325706958771, "85": 0.09428270906209946, "87": 0.12460491806268692}, "54": {"18": 0.04368498548865318, "22": 0.08309834450483322, "66": 0.07280357927083969}, "55": {"11": 0.08248039335012436, "26": 0.08485760539770126, "31": 0.04436074197292328}, "56": {"23": 0.06704156845808029, "30": 0.06662709265947342, "43": 0.023534318432211876}, "57": {"5": 0.06827578693628311, "9": 0.06985973566770554, "76": 0.03927174210548401}, "58": {"0": 0.07410719990730286, "7": 0.07436473667621613, "78": 0.06112433224916458}, "59": {"38": 0.0666520744562149, "43": 0.02381610870361328, "65": 0.0671977624297142}, "60": {"14": 0.08246072381734848, "31": 0.04434649646282196, "39": 0.08486545830965042}, "61": {"32": 0.06854330748319626, "67": 0.031486451625823975, "81": 0.0764232650399208}, "62": {"3": 0.07014792412519455, "28": 0.06710746884346008, "67": 0.025548627600073814}, "63": {"18": 0.04069950804114342, "42": 0.0807499960064888, "52": 0.07192531228065491}, "64": {"2": 0.08103495836257935, "19": 0.08211393654346466, "31": 0.042628854513168335}, "65": {"41": 0.07011130452156067, "59": 0.0695529505610466, "76": 0.038786958903074265}, "66": {"6": 0.0770900547504425, "43": 0.03237542137503624, "54": 0.06988384574651718}, "67": {"0": 0.10457926243543625, "5": 0.09468859434127808, "7": 0.10248357057571411, "44": 0.11804953217506409, "45": 0.09847897291183472, "51": 0.12216109037399292, "61": 0.11826708912849426, "62": 0.09714141488075256, "72": 0.0942559689283371, "79": 0.12162063270807266, "81": 0.11867423355579376, "84": 0.11862410604953766}, "68": {"71": 0.08997564017772675, "13": 0.0930083692073822, "18": 0.05622292309999466}, "69": {"75": 0.1482367366552353, "25": 0.10094862431287766, "34": 0.17950083315372467}, "70": {"12": 0.07086721062660217, "47": 0.06607326120138168, "83": 0.07709438353776932}, "71": {"8": 0.07692120224237442, "18": 0.04542645439505577, "68": 0.0851377621293068}, "72": {"4": 0.07121139764785767, "67": 0.024476654827594757, "87": 0.07264669239521027}, "73": {"16": 0.07547285407781601, "43": 0.032137349247932434, "82": 0.07282576709985733}, "74": {"43": 0.02397754415869713, "48": 0.06603174656629562, "51": 0.0680745393037796}, "75": {"69": 0.14760828018188477, "84": 0.0951467826962471, "34": 0.17965470254421234}, "76": {"1": 0.1261669099330902, "29": 0.14376384019851685, "46": 0.09430105239152908, "49": 0.12542256712913513, "57": 0.09460579603910446, "65": 0.0948157012462616, "83": 0.09400569647550583},